employee_id,first_name,last_name,email,phone_number,job_title,password,address,national_id,department,salary
1,Susan,Garcia,phamkrystal@example.net,933-231-8626,Comptroller,2uWdlIuk_2VG,215 Harvey Trail Wrightville  AS 17049,083-52-3529,IT,53457
2,Jennifer,Hoover,william80@example.net,+1-762-388-1895,Civil Service administrator,+3aKuTY05lbC,PSC 9890  Box 5786 APO AP 79749,299-88-0495,HR,54754
3,Andrew,Herrera,heather31@example.org,+1-946-875-0421x641,Furniture conservator/restorer,)5(eskmc7*Sz,5118 Davis Lakes New Sandra  NV 34872,775-85-0207,HR,101956
4,Pam,Mendez,thaney@example.net,673.976.5944,Petroleum engineer,L8e#(POxtMQ5,2070 Bowers Neck Port Andrewhaven  PW 26802,138-80-4431,IT,48483
5,Jennifer,Washington,mariafrazier@example.com,676.287.5544x20477,Photographer,*ruGNjOFQ42b,359 Rachel Spring New Charlesville  SC 90265,178-41-0999,HR,40120
6,Holly,Duran,ktran@example.net,888.904.8930,Paediatric nurse,$8NM+NgepMzj,42221 Horton Causeway Apt. 706 West Tinachester  ID 10957,234-09-2286,Operations,96183
7,Marissa,Bennett,vdawson@example.org,2158520622,Administrator  local government,3dV0MzOyK(1W,4317 Jennifer Forks Apt. 313 New Danielfort  TX 52677,435-04-6731,Finance,79933
8,Joseph,Peterson,mlee@example.net,537.626.6861,Designer  graphic,%DMSd3j!6Z7&,4389 Robinson Centers East Andrewtown  NM 71087,521-51-8345,Operations,50782
9,Gregory,Johnson,ellen09@example.org,+1-737-227-3900x7651,Hydrologist,$5&Xqk9^PUZf,334 Sullivan Ridge Ruizland  ND 57736,596-82-5849,Finance,77599
10,Andres,Allen,hinescarrie@example.com,+1-886-757-7256,Legal secretary,a59Iew%#&ZZL,4547 Joseph Ville Lake Kyle  KY 77965,167-27-3039,IT,71246
11,Jason,Torres,cynthiapotts@example.org,430-565-3825x15659,Administrator  arts,*4X@Amc0AN#1,9496 Derek Skyway West Kevinview  ME 69488,155-41-2648,HR,115238
12,Larry,Salazar,ustewart@example.org,540-314-7888x945,Farm manager,$6DpeMd36+2y,3651 Calvin Springs Suite 605 North Vincent  RI 42355,394-39-6412,HR,113419
13,Eric,Finley,shane89@example.net,432.749.6678x0710,General practice doctor,1*KhmeUq!1QT,702 Samantha Burgs Suite 588 Port Ricardo  KY 31513,333-08-9522,Operations,64343
14,Janice,Short,jacqueline14@example.com,+1-918-337-0375x8947,Geophysical data processor,8q3bZ*Tr+V0h,USS Stark FPO AA 34105,061-52-5701,IT,91980
15,Dean,Hendrix,tyronegomez@example.com,(820)960-4695x02350,Designer  fashion/clothing,a@3pFJL!@ml1,111 James Street Apt. 537 Michaelton  PR 12467,087-02-4041,HR,99774
16,Aaron,Ward,eandersen@example.org,298.540.4967x7847,Biomedical scientist,p3AON+u0wya#,711 Gregory Center Apt. 589 Port Brian  MT 85927,216-74-6011,Finance,59043
17,Erica,Hansen,robersonjessica@example.org,297.441.5931,Insurance claims handler,5YsWjL+a_2Zk,87929 Candace Forks Burchport  PW 86649,593-65-4910,Operations,77459
18,Holly,Melton,frederick51@example.org,713-756-8041x6109,Public librarian,+S30PY6d0omN,8260 Crystal Centers Suite 903 East Heatherchester  CO 54183,410-12-8442,HR,54110
19,Jeffery,Wallace,sreynolds@example.net,(275)543-0930x72383,Scientist  research (life sciences),+c!BiFSzrW1R,54866 Reyes Center Garciaberg  AR 01488,488-64-3708,HR,77390
20,Kathy,Hooper,williecollier@example.net,001-738-829-0484x72998,Therapist  occupational,%v_VG5k_9uK0,8556 Nicholas Villages Thorntonside  IN 16032,736-50-6743,Operations,45357
21,Sara,Lane,andreday@example.net,001-963-348-3197x650,Musician,zP$At5Zmc60&,704 Beverly Ferry North Robert  MD 10563,420-56-3046,HR,61281
22,Jennifer,Brown,vgordon@example.net,001-899-348-6097x87918,Intelligence analyst,ycn!iJ6nM^3$,64142 Robinson Loaf Suite 333 Donnatown  WY 40357,442-40-1250,Finance,88431
23,Audrey,Bauer,torrescynthia@example.com,(906)573-2727x2030,Archaeologist,^dKrmjxCx$3n,0683 Peterson Estates Apt. 687 Gonzalezview  KY 16763,397-99-2476,Finance,109633
24,Kevin,Ballard,halleric@example.net,+1-238-206-1258,Geneticist  molecular,m+xXnCuoqSY4,790 Wilson Harbor Apt. 027 Wrightbury  MT 14944,620-64-8029,IT,116979
25,Christopher,Decker,timothybailey@example.net,+1-709-291-9623,Restaurant manager,vil!7QaB@(2u,911 Allen Alley Johnsonburgh  FM 59952,230-47-7671,Operations,47849
26,Brian,Andrews,sandra35@example.net,828-322-2012x480,Engineer  maintenance,(Paa+V851uPe,526 Friedman Street South Leonardport  ND 82070,106-43-7039,IT,69861
27,Amy,Wilson,quinnsteve@example.com,001-213-295-8996x42572,Psychologist  educational,x@1uYjKN0hJ*,7161 Tyler Throughway Turnerbury  NV 84909,385-41-3376,Finance,59979
28,Trevor,Jacobs,krista53@example.org,3202276900,Psychiatric nurse,7K3Kq(DXq$%^,65886 Hunt Rapid Suite 080 Jamesberg  WA 03854,281-05-8332,IT,119797
29,Tammy,Morrow,anne04@example.net,001-855-740-7796x635,Immigration officer,_ocEg_G*g0Yy,993 Steven Squares Suite 225 Williamsmouth  NE 73941,775-15-6372,Operations,99362
30,Matthew,Houston,jose81@example.org,712-628-7373,Electrical engineer,)83%QNmJCCmU,1662 Anthony Drive Apt. 277 Lauraside  NM 55401,333-22-0390,IT,47791
31,Angela,Wilkerson,royrobert@example.org,4329849269,Animal technologist,%^c06XjxsNW8,PSC 2993  Box 7594 APO AP 73656,527-59-0724,Operations,117137
32,Jamie,Rodriguez,johnsonalexander@example.com,(203)944-4014,Banker,BBvLw!mcT2r$,3436 Obrien Vista Chandlerport  ME 76817,800-97-0965,Operations,114177
33,Andrea,Garcia,winterslisa@example.net,981-529-3540x0058,Exhibition designer,@jN8M#cl^yWN,536 Tammy Mountains Apt. 735 Port Dariusborough  VA 78678,514-42-8956,IT,108093
34,Jamie,Roberts,znelson@example.org,226-422-3154,Diagnostic radiographer,*6Ri1T6+6waP,3626 Aaron Fall East Randymouth  MD 85676,162-28-1247,Operations,50846
35,Patrick,Parker,andrewkennedy@example.net,853-226-3750x7671,Clinical cytogeneticist,1f(r@TmD*zLz,6871 Collins Mission Suite 334 New Cindy  ME 72175,524-26-2754,Operations,78695
36,Amy,Wong,aanderson@example.net,(313)612-6035x1543,Quantity surveyor,T0d@TzK(K8#N,PSC 9075  Box 6698 APO AA 84721,485-91-3459,Finance,80616
37,Margaret,Torres,collierkimberly@example.net,884-792-5373x45613,Conservation officer  nature,F92B9mox_jVf,68290 Jesse Bridge Suite 527 North Brianton  IL 47207,211-80-8898,IT,96223
38,Michelle,Miller,kennethellis@example.com,+1-547-649-0000x104,Human resources officer,p$*2Du1(ja+j,6108 Shelton Club East Paul  MI 35593,208-22-5904,Operations,47752
39,Paul,Brown,dcompton@example.org,+1-771-542-8315,Optician  dispensing,Z3j3Yk&luG@#,2042 Rodriguez Glens Kathleenfort  MO 81933,709-23-7872,IT,80739
40,Stephanie,Aguilar,debraramirez@example.com,430.541.2970x1116,Engineer  water,$2Jk*7u!obTo,Unit 0029 Box 2932 DPO AP 70701,285-65-2609,Operations,45805
41,Julie,Rice,mitchellchristian@example.com,788-387-1079x203,Sales professional  IT,NS9KzfXy!ai2,1739 Moreno Gateway Kellyport  VI 15053,595-55-3597,HR,102828
42,Daniel,Hood,fmorrison@example.org,8259954501,Architect,$Ycv@M2b8u$*,20536 Foster Mission Kathrynhaven  MS 75763,048-08-4789,Finance,105463
43,Amy,Mann,pcunningham@example.net,216.805.9651,English as a second language teacher,0x5ccDp%#1MR,5426 Suzanne Mountains Apt. 806 Lake Andrew  OK 83122,574-89-5300,Finance,90848
44,Maria,Barr,davidbrown@example.org,001-938-319-7293x81244,Firefighter,nTgUhYKx(9)y,4399 Daugherty Well Suite 241 Danielfurt  VI 49553,026-84-0697,HR,81964
45,Cynthia,Becker,yvettegreene@example.net,403-410-7165,Civil Service administrator,@BZRFmxcT6Af,769 Jacob Squares Suite 891 West Cynthiastad  DE 10567,453-65-8251,HR,43774
46,Alicia,Hayden,robert83@example.net,+1-574-645-9175x6192,Armed forces training and education officer,&xZ_@XA^m9Zo,1178 Carlos Row East Donna  WY 22564,644-50-6576,HR,88386
47,Julie,Washington,christopherwelch@example.org,525-260-4379x1437,Naval architect,KU4KIq4ft^Hd,0959 Lee Flat Apt. 652 East Ryanfort  MP 46641,486-16-2271,IT,71115
48,Luis,Rivera,felicia96@example.net,660-401-4404,Civil engineer  contracting,&6GYi3TCdakr,19189 Donna Ford Suite 229 Stevenfurt  MI 69450,088-85-5774,Operations,78559
49,Jerry,Lopez,zblack@example.net,385-429-3689x6308,Animal technologist,GhkQ0Of*)2oX,8389 Lawrence Ridges Janettown  OH 67047,850-70-2307,IT,70341
50,Jenna,Bryan,michaelmartin@example.org,2336186170,Interpreter,^PbuB&mYEvD7,USS Gonzalez FPO AP 98796,485-54-2216,Operations,66710
51,Jared,Patterson,jferguson@example.org,(290)625-0511x212,Engineer  aeronautical,g9MurUi8*GN(,Unit 3305 Box 6113 DPO AE 89090,426-64-3749,HR,103258
52,Steven,Brown,duanebrady@example.org,001-921-617-5786x7930,Recycling officer,+3B95A$xLK)k,Unit 4278 Box 9818 DPO AA 47186,415-72-0460,Operations,115871
53,Kimberly,Elliott,tavila@example.net,276-325-9068x657,Paediatric nurse,r8JQCbaA$+g7,PSC 9190  Box 6725 APO AE 63480,771-45-2316,HR,115346
54,Jake,Johnson,mcook@example.org,785.470.5538,Illustrator,i7Pgw)TN)Nlv,0155 Shannon Squares Port Danielletown  ME 76065,469-25-4547,IT,78199
55,Brenda,Robertson,michellerodriguez@example.net,+1-483-577-9469x38996,Industrial buyer,x(6bJnnhDhGX,9848 Bradley River Apt. 719 West Ashley  ND 94220,479-86-3385,Operations,50376
56,Lauren,Hunt,danielle51@example.com,976.887.9266x45999,Accountant  chartered,(p9Q2AW!U_a3,0262 Gary Walks Karenfort  FM 70662,468-21-3833,Finance,53585
57,Faith,Allison,kristineholmes@example.org,(577)411-4329,Dancer,8IbZ@uqg#H!b,97050 Griffin Mountain Suite 624 East Pamelaville  ME 36411,689-19-3972,Finance,65967
58,Wayne,Perez,gamblesandy@example.net,+1-531-635-6987x99755,Chief Executive Officer,Af4s34Kyf_VO,42736 Christina Crossroad Apt. 375 East Rose  MD 68474,763-69-8743,Finance,63593
59,Julie,Sparks,yvonnetaylor@example.org,367-573-1317x2825,Dance movement psychotherapist,p+!SzG0cem9c,442 Wright Unions Suite 533 Paulland  NC 86284,500-29-9818,HR,107629
60,Bailey,Mclean,mayadam@example.com,001-485-549-9710x7575,Engineer  energy,+)_Ka2sb*C3V,7483 David Wall Apt. 587 West Christina  DE 91914,769-96-3654,IT,114232
61,Sarah,Hampton,peterfreeman@example.com,(967)488-0999x263,Chartered management accountant,28Ido^S++5DH,PSC 4379  Box 5450 APO AE 42414,369-32-3844,HR,109423
62,Erika,Yates,graychristina@example.com,606-259-2261,Therapist  occupational,F3y#NGWa$XpV,075 Eric Harbors Suite 202 Davidborough  GU 19898,219-02-9432,HR,75093
63,Kaitlin,Porter,gyoung@example.com,547-242-8538x82041,Homeopath,+Q8ue6#R$BA6,50227 Collins Landing Robinsontown  MS 95653,601-57-4554,HR,51490
64,Joseph,Turner,sandra22@example.org,+1-972-343-3809x050,Editor  magazine features,k2OASFQl)u6A,56848 Eric Road Apt. 985 Brandonville  MS 40295,101-49-1979,IT,82793
65,Laura,Hayes,ortizpatricia@example.com,+1-711-955-1507x9928,Medical secretary,(sa5hR!X5)ez,358 Lisa Square Apt. 407 North Jason  WY 93962,328-38-6440,HR,99272
66,Betty,Mora,caldwellwilliam@example.org,278-305-6238x055,Engineer  chemical,uS$8xOmS@IEr,11392 Rodriguez Ridges Jeffreymouth  DC 26604,829-52-2187,Finance,66143
67,Laurie,Black,xgarcia@example.com,001-385-281-2709x6976,Sub,+3FV1XNp@s0+,1623 Gilbert Island Apt. 546 Hallfurt  IA 59721,814-21-1905,Finance,55593
68,Sean,Dominguez,nelsonsusan@example.com,723.205.2916,Environmental education officer,#z_WJYQg7)HG,02347 Nelson Alley Apt. 008 Port Carrie  OK 94230,698-83-3744,IT,75488
69,Derrick,Smith,brownsamantha@example.org,001-522-504-9506x03417,Dramatherapist,ZTW5D2BmF5)L,034 Deborah Squares West Thomas  MO 99725,532-98-0271,Operations,110056
70,Lisa,Bennett,katherinebarker@example.org,455-282-9409,Exhibition designer,^$gY6Qub!ujc,84107 Moore Alley Suite 286 East Jeffery  CO 30504,871-43-9958,IT,43191
71,David,Glass,holly53@example.org,610.473.5853,Fast food restaurant manager,OO^R1Mg5^5^&,980 Lee Mountains Aguirreview  OH 80663,585-51-2279,HR,104446
72,Andrew,Smith,beth92@example.net,2802911446,Banker,%7DLvs2do6ZB,94955 Tyler Circle New Fernandoshire  AR 35790,750-15-8945,Operations,51370
73,Donald,Harmon,qburton@example.org,2507490605,Warden/ranger,JQB6GcaQc!wq,417 Nicole Forest Apt. 995 Samanthafort  MD 78610,516-89-7794,HR,95772
74,Jasmine,Khan,hgallagher@example.org,404.858.9517x5320,Radiographer  therapeutic,7C!$0d8q$%Hs,817 Scott Parkway Lake Tina  AS 19472,279-13-9421,IT,77406
75,Jessica,Allen,hickmanjamie@example.com,352.712.3743,Arboriculturist,E33(l%FW4m%J,PSC 9590  Box 8699 APO AE 04978,465-74-6081,HR,55071
76,Sean,Powell,scott79@example.net,479-291-5697x517,Contractor,^2o&GNV#9tHe,47585 Suzanne Wall Suite 266 New Raymondtown  MD 12527,744-14-1499,Operations,96845
77,Andrew,Cobb,david96@example.org,+1-339-480-6673x459,IT trainer,_G%w1BtP0Ut5,4929 Nicholas Underpass Suite 695 West Jodyview  OH 77793,797-56-9807,Finance,114206
78,Joseph,Sanchez,amanda94@example.com,8345585814,Neurosurgeon,g5lB*(l+%kV2,537 Mejia Cliff Suite 218 North Melissastad  OH 82911,086-93-0023,IT,74864
79,Benjamin,Smith,jamesyoung@example.org,(292)937-5306,Merchant navy officer,_F9rzBbzZ7Qv,324 Williams Tunnel Bobbyville  WI 92798,532-13-6741,Operations,63420
80,Rebecca,Torres,donna76@example.com,710-754-9651x05790,Teacher  music,!87f5&#hWg1B,775 Mills Roads Port Amandashire  OH 56213,735-14-0454,IT,77930
81,Julian,Becker,thomas73@example.com,931-530-0593x3262,Technical brewer,Wy%19MVq&JKd,4076 Ashley Valley Lake Natalie  IN 59336,054-62-3835,Finance,88656
82,Patrick,Lewis,millergina@example.net,406-400-0033x945,Therapist  speech and language,)W9npa+GJ7*M,42890 Ruiz Field Suite 306 Erinton  SC 91525,330-71-1903,Operations,87602
83,Jacob,Mitchell,karenmolina@example.org,920-741-8027x6756,Radio broadcast assistant,)@1hTndzf3mO,095 Alex Overpass New David  VA 46278,887-74-9694,IT,47767
84,Leon,Jones,ngonzalez@example.com,+1-250-927-0972x50791,Chief Operating Officer,Al30Djgdx@JR,942 Barnes Underpass Apt. 974 Mcguirehaven  VI 43884,434-82-4710,HR,52604
85,Matthew,Lynch,pyoung@example.org,001-629-306-3289,Exhibition designer,$ovNTiWS51Tu,235 Hurley Mall Suite 498 New Annfort  FM 81997,392-29-8574,IT,59491
86,Michelle,Kennedy,edward39@example.org,9605953323,General practice doctor,^8RjiAia43*@,38772 Alan Pass Schmidtborough  FM 13807,109-81-2540,Finance,98592
87,Tony,Kelley,dlee@example.com,652.771.7720x45160,Optician  dispensing,#LPNGE4lxiY2,913 Shea Skyway Apt. 224 Oconnellstad  CA 44707,395-07-3312,Operations,70250
88,James,Mcconnell,kylehill@example.com,416-514-0914,Purchasing manager,)KNNnVzx^5T*,4138 Johnson Squares Suite 316 Bryceshire  TN 84471,286-19-3830,HR,52798
89,Anna,Guzman,kimberlybell@example.net,372-427-8689x99884,Games developer,w4qGr8%*(_AE,48502 Wright Manor Manuelstad  DE 53068,780-87-7413,HR,48013
90,Michael,Johnson,doliver@example.com,963-859-0200,Medical physicist,C&t32MD1Uyj),616 Bean Loaf Suite 693 Christinastad  MA 42969,692-06-9948,HR,41539
91,Cathy,Johnson,jessicagomez@example.org,(557)648-2156x414,Stage manager,94$11Up*2&#K,53336 Lawrence Avenue Suite 632 Piercebury  AS 13705,561-88-4337,Operations,86716
92,Louis,Cooper,houserobert@example.org,001-514-402-5050,Engineer  electrical,$v4WObGmX53E,37615 Cole Station Suite 620 Nelsonstad  TX 62883,506-69-7953,Operations,64342
93,Eric,Sullivan,mwilliams@example.net,673-946-2423,Airline pilot,6an#eQ52)7Te,26037 Kimberly Ferry Apt. 752 Kempbury  WY 51151,658-76-9193,Finance,79345
94,Mark,Anderson,brianchang@example.org,271-350-0986x553,Web designer,JP4JNydC^I#S,3308 Armstrong Dale Rossbury  AK 11277,549-01-2901,IT,68107
95,John,Zimmerman,barnesmichael@example.net,202-712-7918x068,Brewing technologist,Z+8sCHayIm@5,57619 Grace Brooks Suite 106 Lisafort  MP 37117,696-86-1256,Finance,48120
96,Alexis,Sanders,lisatrevino@example.net,+1-242-934-1207x097,Field seismologist,D_*4LbJ*#hu$,1730 Shannon Falls Munozfurt  WY 71702,225-47-8921,Operations,40861
97,Janet,Taylor,karen37@example.net,(236)332-2722,Equality and diversity officer,dtY5UyL)X&(!,863 Gross Mission Pamelabury  OR 41113,473-09-7098,Operations,46104
98,Toni,Jones,golson@example.com,899.581.2591x17464,Actuary,^Wyv&T_kY&5L,03159 Brittany Island Jacksonville  RI 87572,651-54-6192,IT,45700
99,Steven,Murray,patriciajackson@example.org,(967)768-4806x983,Engineer  technical sales,$D^1XaGizyS#,045 Frazier Lakes East Jason  WA 44278,168-20-0032,IT,50447
100,Danielle,Robinson,williamramsey@example.net,(876)908-9830,Aeronautical engineer,(5WkfvUhTAzR,Unit 1065 Box 5378 DPO AA 07455,714-14-5175,HR,113009
